{"patchName":"hanabi","osc1_switch":"on","osc1_wave":"sine","osc1_noise":"off","osc1_octave":1,"osc1_pitchFine":0,"osc1_pmeSwitch":"off","osc1_pmeInitial":0,"osc1_pmeDelay":0,"osc1_pmeAttack":0.2,"osc1_pmeSustainSwitch":"on","osc1_pmeTerminal":0,"osc1_pmlSwitch":"off","osc1_pmlShape":"sine","osc1_pmlFreq":7,"osc1_pmlFreqAttack":1,"osc1_pmlAmount":15,"osc1_pmlDelay":0,"osc1_Amp":50,"osc1_ameSwitch":"off","osc1_ameAttack":0.5,"osc1_ameSustainSwitch":"on","osc1_amlSwitch":"off","osc1_amlShape":"sine","osc1_amlFreq":7,"osc1_amlAmount":0.5,"osc1_amlDelay":0.01,"osc2_switch":"on","osc2_wave":"square","osc2_noise":"off","osc2_octave":0.5,"osc2_pitchFine":0,"osc2_pmeSwitch":"off","osc2_pmeInitial":-25,"osc2_pmeDelay":0,"osc2_pmeAttack":1,"osc2_pmeSustainSwitch":"on","osc2_pmeTerminal":-25,"osc2_pmlSwitch":"off","osc2_pmlShape":"sine","osc2_pmlFreq":2,"osc2_pmlFreqAttack":1,"osc2_pmlAmount":50,"osc2_pmlDelay":0,"osc2_Amp":75,"osc2_ameSwitch":"off","osc2_ameAttack":0.2,"osc2_ameSustainSwitch":"on","osc2_amlSwitch":"off","osc2_amlShape":"sine","osc2_amlFreq":7,"osc2_amlAmount":0.5,"osc2_amlDelay":0.01,"flts_switch":"on","fltMtx_switch":"off","fltMtx_preset":"serial","fltMtx_oscsToF1":100,"fltMtx_oscsToF2":0,"fltMtx_oscsToVE":0,"fltMtx_F1ToF2":100,"fltMtx_F1ToVE":0,"fltMtx_F2ToVE":100,"flt1_switch":"on","flt1_type":"lowpass","flt1_cutoff":2000,"flt1_q":1,"flt2_switch":"on","flt2_type":"highpass","flt2_cutoff":20,"flt2_q":5,"effects_switch":"on","distortion_switch":"off","delay_switch":"off","delay_time":0.33,"delay_fb":25,"delay_hc":5750,"delay_lc":250,"delay_mix":12,"reverb_switch":"on","reverb_type":"bg","reverb_hc":20000,"reverb_lc":150,"reverb_mix":2,"compressor_switch":"off","compressor_threshold":-20,"compressor_ratio":8,"compressor_makeup":2,"volume_switch":"on","volume_input":-0.91,"meters_switch":"off","trig_system":"mtp","trig_pads":22,"trig_pitchCalc":"et","trig_lp":220,"trig_rp":440,"trig_etStart":57,"trig_etKey":1,"trig_p":[440,493.88,523.25,587.33,659.25,698.46,783.99,880,987.77,1046.5,1174.66,1318.51,1396.91,1567.98,1760,1975.53,2093,2349.32,2637.02,2793.83,3135.96,3520,3951.07,4186.01,4698.63,5274.04,5587.65,6271.93,7040,7902.13,7902.13,7902.13,7902.13,7902.13,7902.13,7902.13,7902.13,7902.13,7902.13,7902.13,7902.13,7902.13,7902.13,7902.13,7902.13,7902.13,7902.13,7902.13,7902.13],"distortion_curve":5,"distortion_hc":3000,"distortion_level":80,"distortion_mix":25,"trig_lpqt":220,"trig_eqStart":220,"dualDelay_switch":"off","dualDelay_InputA":100,"dualDelay_TimeA":0.3,"dualDelay_fbA":0,"dualDelay_AtoB":40,"dualDelay_PanA":-100,"dualDelay_AtoOut":75,"dualDelay_InputB":0,"dualDelay_TimeB":0.27,"dualDelay_fbB":0,"dualDelay_BtoA":40,"dualDelay_PanB":100,"dualDelay_BtoOut":75,"dualDelay_Mix":20,"bpm":"120","osc1_pmlBPM":"off","osc1_amlBPM":"off","osc2_pmlBPM":"off","osc2_amlBPM":"off","delay_timeBPM":"off","delay_EQswitch":"on","dualDelay_TimeABPM":"off","dualDelay_TimeBBPM":"off","dualDelay_EQswitch":"on","dualDelay_hcA":5000,"dualDelay_lcA":250,"dualDelay_hcB":5000,"dualDelay_lcB":250,"distortion_EQswitch":"off","distortion_lc":500,"distortion_hcQ":0.0001,"distortion_lcQ":3,"reverb_EQswitch":"off","compressor_dry":0,"modulation_switch":"on","chorus_switch":"on","chorus_delay":3.7,"chorus_rate":2,"chorus_depth":48,"chorus_invertSwitch":"on","chorus_mix":50,"chorus_lc":250,"tremolo_switch":"off","tremolo_rate":3,"tremolo_depth":100,"tremolo_invertSwitch":"off","tremolo_stereoWidth":100,"tremolo_mix":100,"tremolo_shape":0,"attenuate_switch":"on","limiter_switch":"on","limiter_threshold":-34,"delays_switch":"off","eq_switch":"off","eq_HSswitch":"off","eq_HSamount":0,"eq_P1switch":"off","eq_P1amount":0,"eq_P1freq":2500,"eq_P2switch":"off","eq_P2amount":0,"eq_P2freq":800,"eq_LSswitch":"off","eq_LSamount":0,"ae_switch":"on","ae_attackSwitch":"off","ae_attackType":"simple","ae_attackTime":0,"ae_attackPart1Switch":"on","ae_attackPart1TimeBPM":"off","ae_attackPart1Time":0.05,"ae_attackPart1Level":100,"ae_attackPart2Switch":"off","ae_attackPart2TimeBPM":"off","ae_attackPart2Time":0,"ae_attackPart2Level":100,"ae_decaySwitch":"off","ae_decayTimeBPM":"off","ae_decayTime":0,"ae_decayLevel":50,"ae_sustainSwitch":"on","ae_sustainMaxSwitch":"on","ae_sustainTimeBPM":"off","ae_sustainMaxTime":0.2,"ae_holdSwitch":"off","ae_holdTimeBPM":"off","ae_holdTime":0,"ae_releaseSwitch":"on","ae_releaseType":"simple","ae_releaseTime":0.25,"ae_releasePart1Switch":"off","ae_releasePart1TimeBPM":"off","ae_releasePart1Time":0.5,"ae_releasePart1Level":0,"ae_releasePart2Switch":"off","ae_releasePart2TimeBPM":"off","ae_releasePart2Time":0,"ae_releasePart2Level":0,"ae_releasePart3Switch":"on","ae_releasePart3TimeBPM":"off","ae_releasePart3Time":0.7,"trig_etStartInKey":33,"osc1_pmlOptions":"basic","osc1_pmlSlide":"0","osc1_pmlAttack":0,"osc1_pmlRelease":0,"osc1_pmlDelayBPM":"off","osc1_pmlAttackBPM":"off","osc1_pmlReleaseBPM":"off","osc1_pmlEnvSwitch":"off","osc1_pmlAttackSwitch":"off","osc1_pmlDelaySwitch":"off","osc1_pmlSustainSwitch":"on","osc1_pmlReleaseSwitch":"off","osc2_pmlOptions":"basic","osc2_pmlSlide":"0","osc2_pmlAttack":0,"osc2_pmlRelease":0,"osc2_pmlDelayBPM":"off","osc2_pmlAttackBPM":"off","osc2_pmlReleaseBPM":"off","osc2_pmlEnvSwitch":"off","osc2_pmlAttackSwitch":"off","osc2_pmlDelaySwitch":"off","osc2_pmlSustainSwitch":"on","osc2_pmlReleaseSwitch":"off","osc1_pmeDelaySwitch":"off","osc1_pmeAttackSwitch":"off","osc1_pmeRelease":1,"osc1_pmeReleaseSwitch":"off","osc1_pmeDelayBPM":"off","osc1_pmeAttackBPM":"off","osc1_pmeReleaseBPM":"off","osc2_pmeDelaySwitch":"off","osc2_pmeAttackSwitch":"on","osc2_pmeRelease":1,"osc2_pmeReleaseSwitch":"on","osc2_pmeDelayBPM":"off","osc2_pmeAttackBPM":"off","osc2_pmeReleaseBPM":"off","osc1_amlOptions":"basic","osc1_amlSlide":0,"osc1_amlAttack":0.01,"osc1_amlRelease":0.01,"osc1_amlDelayBPM":"off","osc1_amlAttackBPM":"off","osc1_amlReleaseBPM":"off","osc1_amlEnvSwitch":"off","osc1_amlDelaySwitch":"off","osc1_amlAttackSwitch":"off","osc1_amlSustainSwitch":"on","osc1_amlReleaseSwitch":"off","osc2_amlOptions":"basic","osc2_amlSlide":"0","osc2_amlAttack":0.01,"osc2_amlRelease":0.01,"osc2_amlDelayBPM":"off","osc2_amlAttackBPM":"off","osc2_amlReleaseBPM":"off","osc2_amlEnvSwitch":"off","osc2_amlDelaySwitch":"off","osc2_amlAttackSwitch":"off","osc2_amlSustainSwitch":"on","osc2_amlReleaseSwitch":"off","osc1_ameDelay":0.5,"osc1_ameDelaySwitch":"off","osc1_ameAttackSwitch":"off","osc1_ameRelease":0.5,"osc1_ameReleaseSwitch":"off","osc1_ameDelayBPM":"off","osc1_ameAttackBPM":"off","osc1_ameReleaseBPM":"off","osc2_ameDelay":0,"osc2_ameDelaySwitch":"off","osc2_ameAttackSwitch":"off","osc2_ameRelease":1,"osc2_ameReleaseSwitch":"off","osc2_ameDelayBPM":"off","osc2_ameAttackBPM":"off","osc2_ameReleaseBPM":"off","flt1_lOptions":"basic","flt1_lSlide":0,"flt1_lEnvSwitch":"off","flt1_lDelaySwitch":"off","flt1_lAttackSwitch":"off","flt1_lAttack":0.01,"flt1_lReleaseSwitch":"off","flt1_lRelease":0.01,"flt1_lSustainSwitch":"on","flt1_lDelayBPM":"off","flt1_lAttackBPM":"off","flt1_lReleaseBPM":"off","flt1_eAttackSwitch":"on","flt1_eReleaseSwitch":"off","flt1_eAttackBPM":"off","flt1_eReleaseBPM":"off","flt1_lDelay":0,"flt1_eRelease":0.1,"flt1_lSwitch":"off","flt1_lShape":"sine","flt1_lBPM":"off","flt1_lFreq":1.2,"flt1_lAmount":250,"flt1_eSwitch":"on","flt1_eInitial":20000,"flt1_eAttack":0.5,"flt1_eSustainSwitch":"on","flt1_eTerminal":50,"flt2_lOptions":"basic","flt2_lSlide":0,"flt2_lEnvSwitch":"off","flt2_lDelaySwitch":"off","flt2_lAttackSwitch":"off","flt2_lAttack":0.01,"flt2_lReleaseSwitch":"off","flt2_lRelease":0.01,"flt2_lSustainSwitch":"on","flt2_lDelayBPM":"off","flt2_lAttackBPM":"off","flt2_lReleaseBPM":"off","flt2_eAttackSwitch":"on","flt2_eReleaseSwitch":"off","flt2_eAttackBPM":"off","flt2_eReleaseBPM":"off","flt2_lDelay":0,"flt2_eRelease":1,"flt2_lSwitch":"off","flt2_lShape":"sine","flt2_lBPM":"off","flt2_lFreq":7,"flt2_lAmount":0,"flt2_eSwitch":"on","flt2_eInitial":10000,"flt2_eAttack":0.03,"flt2_eSustainSwitch":"on","flt2_eTerminal":50,"ae_options":"extended","ae_attackTimeBPM":"off","ae_releaseTimeBPM":"off","tremolo_rateBPM":"off","trig_jiF":220,"trig_jiKey":"12","osc1_shapeSwitch":"on","osc1_freqSwitch":"off","osc1_ampSwitch":"on","osc2_shapeSwitch":"on","osc2_freqSwitch":"on","osc2_ampSwitch":"on","osc1_freqFltSwitch":"off","osc1_freqFltType":"bandpass","osc1_freqFltQ":0.5,"osc1_freqFltMix":100,"osc2_freqFltSwitch":"on","osc2_freqFltType":"lowpass","osc2_freqFltQ":0.5,"osc2_freqFltMix":100,"bpm_switch":"on","osc3_switch":"off","osc3_wave":"square","osc3_noise":"off","osc3_octave":2,"osc3_pitchFine":0,"osc3_pmeSwitch":"off","osc3_pmeInitial":0,"osc3_pmeDelay":0,"osc3_pmeAttack":0.2,"osc3_pmeSustainSwitch":"on","osc3_pmeTerminal":0,"osc3_pmlSwitch":"off","osc3_pmlShape":"sine","osc3_pmlFreq":7,"osc3_pmlFreqAttack":1,"osc3_pmlAmount":15,"osc3_pmlDelay":0,"osc3_Amp":25,"osc3_ameSwitch":"off","osc3_ameAttack":0.5,"osc3_ameSustainSwitch":"on","osc3_amlSwitch":"off","osc3_amlShape":"sine","osc3_amlFreq":7,"osc3_amlAmount":0.5,"osc3_amlDelay":0.01,"osc3_pmlBPM":"off","osc3_amlBPM":"off","osc3_pmlOptions":"basic","osc3_pmlSlide":"0","osc3_pmlAttack":0,"osc3_pmlRelease":0,"osc3_pmlDelayBPM":"off","osc3_pmlAttackBPM":"off","osc3_pmlReleaseBPM":"off","osc3_pmlEnvSwitch":"off","osc3_pmlAttackSwitch":"off","osc3_pmlDelaySwitch":"off","osc3_pmlSustainSwitch":"on","osc3_pmlReleaseSwitch":"off","osc3_pmeDelaySwitch":"off","osc3_pmeAttackSwitch":"off","osc3_pmeRelease":1,"osc3_pmeReleaseSwitch":"off","osc3_pmeDelayBPM":"off","osc3_pmeAttackBPM":"off","osc3_pmeReleaseBPM":"off","osc3_amlOptions":"basic","osc3_amlSlide":0,"osc3_amlAttack":0.01,"osc3_amlRelease":0.01,"osc3_amlDelayBPM":"off","osc3_amlAttackBPM":"off","osc3_amlReleaseBPM":"off","osc3_amlEnvSwitch":"off","osc3_amlDelaySwitch":"off","osc3_amlAttackSwitch":"off","osc3_amlSustainSwitch":"on","osc3_amlReleaseSwitch":"off","osc3_ameDelay":0.5,"osc3_ameDelaySwitch":"off","osc3_ameAttackSwitch":"off","osc3_ameRelease":0.5,"osc3_ameReleaseSwitch":"off","osc3_ameDelayBPM":"off","osc3_ameAttackBPM":"off","osc3_ameReleaseBPM":"off","osc3_shapeSwitch":"on","osc3_freqSwitch":"on","osc3_ampSwitch":"on","osc3_freqFltType":"highpass","osc3_freqFltQ":0.5,"osc3_freqFltMix":100,"osc1_superSwitch":"off","osc2_superSwitch":"off","osc3_superSwitch":"on","osc1_superNumber":3,"osc1_superShift":0.015,"osc1_superWidth":50,"osc2_superNumber":5,"osc2_superShift":0.03,"osc2_superWidth":100,"osc3_superNumber":15,"osc3_superShift":0.02,"osc3_superWidth":100,"eqHCSwitch":"off","eqHC":10000,"osc3_freqFltSwitch":"on","eq_HCSwitch":"off","eq_HC":10000,"eq_LCSwitch":"off","eq_LC":10000,"eq_HCswitch":"off","eq_LCswitch":"off","osc1_convolverSwitch":"off","osc1_convolverType":"drm1_bassdrum_a","osc1_convolverMix":50,"osc2_convolverSwitch":"off","osc2_convolverType":"drm1_bassdrum_a","osc2_convolverMix":50,"osc3_convolverSwitch":"off","osc3_convolverType":"drm1_bassdrum_a","osc3_convolverMix":50,"osc1_convolverGain":100,"osc2_convolverGain":100,"osc3_convolverGain":100,"flt1followSwitch":"off","flt1follow":1,"flt2followSwitch":"off","flt2follow":1,"reverbDelaySwitch":"off","reverbDelayBPM":"off","reverbDelay":0.1,"osc1_eqSwitch":"off","osc1_eqHCSwitch":"off","osc1_eqHC":10000,"osc1_eqPSwitch":"off","osc1_eqPa":0,"osc1_eqPf":1200,"osc1_eqLCSwitch":"off","osc1_eqLC":250,"osc2_eqSwitch":"off","osc2_eqHCSwitch":"off","osc2_eqHC":10000,"osc2_eqPSwitch":"off","osc2_eqPa":0,"osc2_eqPf":1200,"osc2_eqLCSwitch":"off","osc2_eqLC":250,"osc3_eqSwitch":"off","osc3_eqHCSwitch":"off","osc3_eqHC":10000,"osc3_eqPSwitch":"off","osc3_eqPa":0,"osc3_eqPf":1200,"osc3_eqLCSwitch":"off","osc3_eqLC":250,"osc1_panSwitch":"off","osc1_pan":0,"osc1_panAutoSwitch":"off","osc1_panAutoRate":1,"osc1_panAutoDepth":100,"osc2_panSwitch":"off","osc2_pan":0,"osc2_panAutoSwitch":"off","osc2_panAutoRate":1,"osc2_panAutoDepth":100,"osc3_panSwitch":"off","osc3_pan":0,"osc3_panAutoSwitch":"off","osc3_panAutoRate":1,"osc3_panAutoDepth":100,"osc1_pulseSwitch":"off","osc1_pulseWidth":0,"osc1_pulselSwitch":"off","osc1_pulselOptions":"basic","osc1_pulselShape":"sine","osc1_pulselSlide":0,"osc1_pulselBPM":"off","osc1_pulselFreq":7,"osc1_pulselAmount":0.5,"osc1_pulselEnvSwitch":"off","osc1_pulselDelaySwitch":"off","osc1_pulselDelayBPM":"off","osc1_pulselDelay":0,"osc1_pulselAttackSwitch":"off","osc1_pulselAttackBPM":"off","osc1_pulselAttack":0,"osc1_pulselReleaseSwitch":"off","osc1_pulselSustainSwitch":"on","osc1_pulselReleaseBPM":"off","osc1_pulselRelease":0,"osc2_pulseSwitch":"off","osc2_pulseWidth":0,"osc2_pulselSwitch":"off","osc2_pulselOptions":"basic","osc2_pulselShape":"sine","osc2_pulselSlide":0,"osc2_pulselBPM":"off","osc2_pulselFreq":7,"osc2_pulselAmount":0.5,"osc2_pulselEnvSwitch":"off","osc2_pulselDelaySwitch":"off","osc2_pulselDelayBPM":"off","osc2_pulselDelay":0,"osc2_pulselAttackSwitch":"off","osc2_pulselAttackBPM":"off","osc2_pulselAttack":0,"osc2_pulselReleaseSwitch":"off","osc2_pulselSustainSwitch":"on","osc2_pulselReleaseBPM":"off","osc2_pulselRelease":0,"osc3_pulseSwitch":"off","osc3_pulseWidth":0,"osc3_pulselSwitch":"off","osc3_pulselOptions":"basic","osc3_pulselShape":"sine","osc3_pulselSlide":0,"osc3_pulselBPM":"off","osc3_pulselFreq":7,"osc3_pulselAmount":0.5,"osc3_pulselEnvSwitch":"off","osc3_pulselDelaySwitch":"off","osc3_pulselDelayBPM":"off","osc3_pulselDelay":0,"osc3_pulselAttackSwitch":"off","osc3_pulselAttackBPM":"off","osc3_pulselAttack":0,"osc3_pulselReleaseSwitch":"off","osc3_pulselSustainSwitch":"on","osc3_pulselReleaseBPM":"off","osc3_pulselRelease":0}