{"actions":[{"clue":{"type":1,"value":3},"target":1,"type":0},{"clue":{"type":1,"value":1},"target":0,"type":0},{"clue":{"type":0,"value":0},"target":19,"type":1},{"clue":{"type":0,"value":0},"target":2,"type":1},{"clue":{"type":0,"value":0},"target":4,"type":2},{"clue":{"type":0,"value":0},"target":11,"type":1},{"clue":{"type":1,"value":1},"target":2,"type":0},{"clue":{"type":1,"value":0},"target":0,"type":0},{"clue":{"type":0,"value":5},"target":3,"type":0},{"clue":{"type":0,"value":4},"target":2,"type":0},{"clue":{"type":0,"value":0},"target":23,"type":1},{"clue":{"type":0,"value":0},"target":14,"type":2},{"clue":{"type":0,"value":0},"target":20,"type":1},{"clue":{"type":0,"value":0},"target":3,"type":2},{"clue":{"type":0,"value":0},"target":22,"type":1},{"clue":{"type":0,"value":0},"target":9,"type":1},{"clue":{"type":0,"value":1},"target":2,"type":0},{"clue":{"type":0,"value":0},"target":26,"type":1},{"clue":{"type":0,"value":0},"target":0,"type":2},{"clue":{"type":1,"value":4},"target":3,"type":0},{"clue":{"type":0,"value":0},"target":29,"type":1},{"clue":{"type":1,"value":4},"target":1,"type":0},{"clue":{"type":0,"value":0},"target":18,"type":1},{"clue":{"type":0,"value":0},"target":1,"type":2},{"clue":{"type":0,"value":4},"target":3,"type":0},{"clue":{"type":0,"value":0},"target":32,"type":1},{"clue":{"type":0,"value":0},"target":12,"type":1},{"clue":{"type":1,"value":2},"target":3,"type":0},{"clue":{"type":1,"value":0},"target":2,"type":0},{"clue":{"type":0,"value":3},"target":3,"type":0},{"clue":{"type":0,"value":0},"target":24,"type":1},{"clue":{"type":0,"value":0},"target":15,"type":1},{"clue":{"type":0,"value":4},"target":1,"type":0},{"clue":{"type":0,"value":0},"target":34,"type":1},{"clue":{"type":0,"value":0},"target":28,"type":1},{"clue":{"type":0,"value":0},"target":8,"type":1},{"clue":{"type":0,"value":0},"target":25,"type":1},{"clue":{"type":0,"value":2},"target":0,"type":0},{"clue":{"type":0,"value":0},"target":39,"type":1},{"clue":{"type":0,"value":0},"target":7,"type":1},{"clue":{"type":0,"value":0},"target":35,"type":1},{"clue":{"type":0,"value":0},"target":13,"type":1},{"clue":{"type":0,"value":3},"target":0,"type":0},{"clue":{"type":0,"value":0},"target":21,"type":1}],"deck":[{"suit":3,"rank":1},{"suit":2,"rank":4},{"suit":1,"rank":2},{"suit":0,"rank":3},{"suit":3,"rank":1},{"suit":3,"rank":3},{"suit":1,"rank":2},{"suit":2,"rank":4},{"suit":0,"rank":4},{"suit":1,"rank":4},{"suit":2,"rank":3},{"suit":3,"rank":1},{"suit":4,"rank":3},{"suit":2,"rank":5},{"suit":1,"rank":1},{"suit":4,"rank":4},{"suit":0,"rank":1},{"suit":3,"rank":4},{"suit":0,"rank":3},{"suit":1,"rank":1},{"suit":1,"rank":3},{"suit":3,"rank":3},{"suit":0,"rank":2},{"suit":0,"rank":1},{"suit":2,"rank":1},{"suit":2,"rank":3},{"suit":1,"rank":5},{"suit":2,"rank":1},{"suit":4,"rank":5},{"suit":4,"rank":1},{"suit":2,"rank":1},{"suit":0,"rank":2},{"suit":4,"rank":2},{"suit":3,"rank":4},{"suit":2,"rank":2},{"suit":0,"rank":5},{"suit":0,"rank":4},{"suit":1,"rank":1},{"suit":3,"rank":5},{"suit":3,"rank":2},{"suit":1,"rank":4},{"suit":3,"rank":2},{"suit":0,"rank":1},{"suit":2,"rank":2},{"suit":1,"rank":3}],"firstPlayer":2,"notes":[["","","","b3","","","","","","","","f","cm","","","","","","f","","f","","f","","","","f","","","","","","f","","y2","","","","","","","","","",""],["","","","","r1","not r2 | 35 | r3","","y4","b4","","","r1","c | k34","","","k34","","","f","","f","","f, b2","f","","","f","","k5","","","","k2","","f, y2","","","","","","","","","",""],["","","","f","","","","f","*suspicious look*/f(b4)","g4","y3","","ecm","","","","","","b3","","f","","f","b1","bad?/they didnt want the 1 for 1, so just y1","","b3","","","f(first)","","","k2","","y2","b5","","","","","","","","",""],["","","","","","","","","","","","","chop move","","","","","","","","","","","","","","","","","","","","","","","","","","","","","","","",""],["","","","","","","","","b4","","","","5cm","","","k34","","","b3","","g3","","f","f","","","b3","","","","","","f","","f","","","","","","","","","",""]],"players":["Zamiel","florrat2","Razgovor","scharkbite","Cory"],"variant":"Black (5 Suits)"}